{
  "warp_kind": "botorch_warp",
  "output_transform_method": "box-cox",
  "output_lambda": 1.06404729176957,
  "output_sign_flip_applied": false,
  "fit_attempt_index": 0,
  "fit_attempt_label": "primary",
  "fit_attempt_count": 7,
  "fit_failed": false,
  "failed_attempts": [],
  "model_variant_name": "lin_matern32_add:power",
  "noise_est": 0.0009334823505632516,
  "len_min": NaN,
  "len_med": NaN,
  "warp_a": [
    2.7443307687135423,
    3.773497637811892,
    2.61227469272022,
    2.962744883974481,
    1.1179984050801557,
    0.8595985814298842,
    3.2951834478000306,
    1.5504297083886522
  ],
  "warp_b": [
    1.1874342386861434,
    1.695125940579676,
    1.121742972699783,
    1.1771847113745788,
    3.2507644944555154,
    0.9746391191539878,
    1.3129254108907482,
    0.0001
  ],
  "function": "function_8",
  "d": 8,
  "n": 49,
  "kernel_mode": "lin_matern32_add",
  "acq_mode": "mace_pareto_pool",
  "ucb_betas": [
    0.5,
    0.75,
    1.0,
    1.25,
    1.5,
    1.75,
    2.0,
    2.25,
    2.5,
    2.75,
    3.0
  ],
  "n_sobol": 4096,
  "topk_per_acq": 32,
  "pool_size": 4608,
  "eligible_count": 4608,
  "dropped_duplicate_internal": 0,
  "dropped_duplicate_observed": 0,
  "pareto_size": 2,
  "selected_local_index": 3227,
  "selected_source_pool_index": 3227,
  "shadow_oldstyle_local_index": 3709,
  "sigma_quantile_used": 0.2,
  "sigma_threshold": 0.014036162407741746,
  "boundary_penalty_weight": 0.1,
  "boundary_penalty_min_dim": 4,
  "boundary_margin": 0.02,
  "selected_boundary_penalty": 0.1,
  "selected_exploration_score": 0.005851139427748997,
  "selected_strategy_name": "trust_region_ts",
  "selected_candidate_origin": "tr",
  "stagnation_flag": true,
  "stagnation_gain": 0.0315892823686994,
  "stagnation_threshold": 0.03298238893432799,
  "stagnation_scale": 1.6491194467163997,
  "stagnation_window": 6,
  "trust_region_length": 0.35,
  "trust_region_restarts": 4,
  "best_y_raw": 9.9208219728426,
  "best_y_transformed": 9.859922302253176,
  "nn_min_observed": 0.24176388143393132,
  "nn_median_observed": 0.5925902731518002,
  "seed": 7001,
  "selection_mode": "robust_consensus",
  "n_seed_success": 5,
  "n_seed_fail": 0,
  "unique_suggestions": 5,
  "consensus_frequency": 1,
  "consensus_frequency_ratio": 0.2,
  "selected_portal_string": "0.095160-0.000000-0.041749-0.005171-0.727359-0.444323-0.041363-0.124362",
  "selected_seed": 7001,
  "fallback_used": false,
  "fit_attempt_distribution": {
    "primary": 5
  }
}