{
  "warp_kind": "botorch_warp",
  "output_transform_method": "box-cox",
  "output_lambda": 0.083477383378732,
  "output_sign_flip_applied": false,
  "fit_attempt_index": 0,
  "fit_attempt_label": "primary",
  "fit_attempt_count": 7,
  "fit_failed": false,
  "failed_attempts": [],
  "model_variant_name": "lin_matern32_add:power",
  "noise_est": 0.0017729300969160833,
  "len_min": NaN,
  "len_med": NaN,
  "warp_a": [
    18.771792461540272,
    13.28934535586513,
    2.3507513832821845,
    10.13835917543072,
    2.393347278531292,
    0.9936461416482272
  ],
  "warp_b": [
    6.9810226400816635,
    0.2701544916524546,
    18.67870671367846,
    13.58458822583461,
    2.4578211964850025,
    1.5960583474397565
  ],
  "function": "function_7",
  "d": 6,
  "n": 39,
  "kernel_mode": "lin_matern32_add",
  "acq_mode": "mace_pareto_pool",
  "ucb_betas": [
    0.5,
    0.75,
    1.0,
    1.25,
    1.5,
    1.75,
    2.0,
    2.25,
    2.5,
    2.75,
    3.0
  ],
  "n_sobol": 4096,
  "topk_per_acq": 32,
  "pool_size": 4608,
  "eligible_count": 4608,
  "dropped_duplicate_internal": 0,
  "dropped_duplicate_observed": 0,
  "pareto_size": 16,
  "selected_local_index": 3289,
  "selected_source_pool_index": 3289,
  "shadow_oldstyle_local_index": 4104,
  "sigma_quantile_used": 0.2,
  "sigma_threshold": 0.10617872821244546,
  "boundary_penalty_weight": 0.1,
  "boundary_penalty_min_dim": 4,
  "boundary_margin": 0.02,
  "selected_boundary_penalty": 0.0,
  "selected_exploration_score": 0.04459595323573725,
  "selected_strategy_name": "trust_region_ts",
  "selected_candidate_origin": "tr",
  "stagnation_flag": true,
  "stagnation_gain": 0.0,
  "stagnation_threshold": 0.011610507655150084,
  "stagnation_scale": 0.5805253827575042,
  "stagnation_window": 6,
  "trust_region_length": 0.175,
  "trust_region_restarts": 3,
  "best_y_raw": 2.2440008375139135,
  "best_y_transformed": 0.8361513534478973,
  "nn_min_observed": 0.046989788974321975,
  "nn_median_observed": 0.4262351012321475,
  "seed": 6003,
  "selection_mode": "robust_consensus",
  "n_seed_success": 5,
  "n_seed_fail": 0,
  "unique_suggestions": 5,
  "consensus_frequency": 1,
  "consensus_frequency_ratio": 0.2,
  "selected_portal_string": "0.314523-0.327792-0.434614-0.240874-0.381873-0.859096",
  "selected_seed": 6003,
  "fallback_used": false,
  "fit_attempt_distribution": {
    "primary": 5
  }
}