{
  "warp_kind": "botorch_warp",
  "output_transform_method": "box-cox",
  "output_lambda": 0.06542349121254161,
  "output_sign_flip_applied": false,
  "fit_attempt_index": 0,
  "fit_attempt_label": "primary",
  "fit_attempt_count": 7,
  "fit_failed": false,
  "failed_attempts": [],
  "model_variant_name": "lin_matern32_add:power",
  "noise_est": 0.00028178278379840184,
  "len_min": NaN,
  "len_med": NaN,
  "warp_a": [
    15.125450477632945,
    11.567650010190864,
    2.0072318241632923,
    12.65210551001982,
    0.8164188548470642,
    0.007552339944284817
  ],
  "warp_b": [
    11.80399705551132,
    0.05854024941618446,
    11.835764007336344,
    31.732817993828586,
    0.049687472294072034,
    0.013944032234153452
  ],
  "function": "function_7",
  "d": 6,
  "n": 37,
  "kernel_mode": "lin_matern32_add",
  "acq_mode": "mace_pareto_pool",
  "ucb_betas": [
    0.5,
    0.75,
    1.0,
    1.25,
    1.5,
    1.75,
    2.0,
    2.25,
    2.5,
    2.75,
    3.0
  ],
  "n_sobol": 4096,
  "topk_per_acq": 32,
  "pool_size": 4608,
  "eligible_count": 4607,
  "dropped_duplicate_internal": 0,
  "dropped_duplicate_observed": 1,
  "pareto_size": 6,
  "selected_local_index": 4122,
  "selected_source_pool_index": 4123,
  "shadow_oldstyle_local_index": 4122,
  "sigma_quantile_used": 0.2,
  "sigma_threshold": 0.11970690989169142,
  "boundary_penalty_weight": 0.1,
  "boundary_penalty_min_dim": 4,
  "boundary_margin": 0.02,
  "selected_boundary_penalty": 0.009834378828527408,
  "selected_exploration_score": 0.1298089733344615,
  "selected_strategy_name": "primary_pareto_sigma",
  "selected_candidate_origin": "elite",
  "stagnation_flag": false,
  "trust_region_length": 0.175,
  "trust_region_restarts": 3,
  "best_y_raw": 2.2440008375139135,
  "best_y_transformed": 0.8300121579644821,
  "nn_min_observed": 0.046989788974321975,
  "nn_median_observed": 0.4266711582970436,
  "seed": 6002,
  "selection_mode": "robust_consensus",
  "n_seed_success": 5,
  "n_seed_fail": 0,
  "unique_suggestions": 5,
  "consensus_frequency": 1,
  "consensus_frequency_ratio": 0.2,
  "selected_portal_string": "0.114161-0.018033-0.748271-0.191120-0.296296-0.752669",
  "selected_seed": 6002,
  "fallback_used": false,
  "fit_attempt_distribution": {
    "primary": 5
  }
}