{
  "warp_kind": "botorch_warp",
  "output_transform_method": "box-cox",
  "output_lambda": 1.0179886985043,
  "output_sign_flip_applied": false,
  "fit_attempt_index": 0,
  "fit_attempt_label": "primary",
  "fit_attempt_count": 7,
  "fit_failed": false,
  "failed_attempts": [],
  "model_variant_name": "lin_matern32_add:power",
  "noise_est": 0.0005638774441199522,
  "len_min": NaN,
  "len_med": NaN,
  "warp_a": [
    2.767977300278118,
    3.7331465619662616,
    2.5255431209856467,
    2.9156313613709504,
    0.9903253963650457,
    0.8626695893510752,
    3.2949423257135217,
    6824.165464261762
  ],
  "warp_b": [
    1.2029008576204794,
    1.728086779388863,
    1.0930226579249613,
    1.148099750838885,
    2.821384620851083,
    1.0035381837270432,
    1.3330927068965468,
    0.0001
  ],
  "function": "function_8",
  "d": 8,
  "n": 48,
  "kernel_mode": "lin_matern32_add",
  "acq_mode": "mace_pareto_pool",
  "ucb_betas": [
    0.5,
    0.75,
    1.0,
    1.25,
    1.5,
    1.75,
    2.0,
    2.25,
    2.5,
    2.75,
    3.0
  ],
  "n_sobol": 4096,
  "topk_per_acq": 32,
  "pool_size": 4608,
  "eligible_count": 4608,
  "dropped_duplicate_internal": 0,
  "dropped_duplicate_observed": 0,
  "pareto_size": 1,
  "selected_local_index": 3715,
  "selected_source_pool_index": 3715,
  "shadow_oldstyle_local_index": 3715,
  "sigma_quantile_used": 0.2,
  "sigma_threshold": 0.012039424154123735,
  "boundary_penalty_weight": 0.1,
  "boundary_penalty_min_dim": 4,
  "boundary_margin": 0.02,
  "selected_boundary_penalty": 0.1,
  "selected_exploration_score": 0.004911821001423279,
  "selected_strategy_name": "primary_pareto_sigma",
  "selected_candidate_origin": "tr",
  "stagnation_flag": false,
  "stagnation_gain": 0.04097588630319926,
  "stagnation_threshold": 0.030877958086121815,
  "stagnation_scale": 1.5438979043060908,
  "stagnation_window": 6,
  "trust_region_length": 0.35,
  "trust_region_restarts": 4,
  "best_y_raw": 9.9208219728426,
  "best_y_transformed": 9.173872005326471,
  "nn_min_observed": 0.3350295628910977,
  "nn_median_observed": 0.5925902731518002,
  "seed": 7002,
  "selection_mode": "robust_consensus",
  "n_seed_success": 5,
  "n_seed_fail": 0,
  "unique_suggestions": 5,
  "consensus_frequency": 1,
  "consensus_frequency_ratio": 0.2,
  "selected_portal_string": "0.046675-0.000000-0.003636-0.032291-0.984044-0.535685-0.039453-0.180790",
  "selected_seed": 7002,
  "fallback_used": false,
  "fit_attempt_distribution": {
    "primary": 5
  }
}