{
  "warp_kind": "botorch_warp",
  "output_transform_method": "box-cox",
  "output_lambda": 1.0176316483127734,
  "output_sign_flip_applied": false,
  "fit_attempt_index": 0,
  "fit_attempt_label": "primary",
  "fit_attempt_count": 7,
  "fit_failed": false,
  "failed_attempts": [],
  "model_variant_name": "lin_matern32_add:power",
  "noise_est": 0.0004751838477580062,
  "len_min": NaN,
  "len_med": NaN,
  "warp_a": [
    2.7329899016541987,
    3.738192904459722,
    2.606636026756915,
    2.7390000671807555,
    1.0210455552710145,
    0.9581636139764387,
    3.3770956511574513,
    1.6522836497283773
  ],
  "warp_b": [
    1.2115178321726854,
    1.8506137800251685,
    1.1080959632206648,
    1.0254838275667517,
    2.841017103590206,
    1.1084125179986115,
    1.3986470157303588,
    0.0001
  ],
  "function": "function_8",
  "d": 8,
  "n": 47,
  "kernel_mode": "lin_matern32_add",
  "acq_mode": "mace_pareto_pool",
  "ucb_betas": [
    0.5,
    0.75,
    1.0,
    1.25,
    1.5,
    1.75,
    2.0,
    2.25,
    2.5,
    2.75,
    3.0
  ],
  "n_sobol": 4096,
  "topk_per_acq": 32,
  "pool_size": 4608,
  "eligible_count": 4608,
  "dropped_duplicate_internal": 0,
  "dropped_duplicate_observed": 0,
  "pareto_size": 1,
  "selected_local_index": 4223,
  "selected_source_pool_index": 4223,
  "shadow_oldstyle_local_index": 4223,
  "sigma_quantile_used": 0.2,
  "sigma_threshold": 0.01167685529052769,
  "boundary_penalty_weight": 0.1,
  "boundary_penalty_min_dim": 4,
  "boundary_margin": 0.02,
  "selected_boundary_penalty": 0.04733771046720442,
  "selected_exploration_score": 0.008841881810023466,
  "selected_strategy_name": "primary_pareto_sigma",
  "selected_candidate_origin": "elite",
  "stagnation_flag": false,
  "trust_region_length": 0.13124999999999998,
  "trust_region_restarts": 3,
  "best_y_raw": 9.9208219728426,
  "best_y_transformed": 9.168770298012143,
  "nn_min_observed": 0.3350295628910977,
  "nn_median_observed": 0.5925902731518002,
  "seed": 7001,
  "selection_mode": "robust_consensus",
  "n_seed_success": 5,
  "n_seed_fail": 0,
  "unique_suggestions": 5,
  "consensus_frequency": 1,
  "consensus_frequency_ratio": 0.2,
  "selected_portal_string": "0.053492-0.010532-0.041476-0.036415-0.855385-0.514374-0.102282-0.748341",
  "selected_seed": 7001,
  "fallback_used": false,
  "fit_attempt_distribution": {
    "primary": 5
  }
}