{
  "warp_kind": "botorch_warp",
  "output_transform_method": "box-cox",
  "output_lambda": 0.07855738330133699,
  "output_sign_flip_applied": false,
  "fit_attempt_index": 0,
  "fit_attempt_label": "primary",
  "fit_attempt_count": 7,
  "fit_failed": false,
  "failed_attempts": [],
  "model_variant_name": "lin_matern32_add:power",
  "noise_est": 0.0001483694863644988,
  "len_min": NaN,
  "len_med": NaN,
  "warp_a": [
    7.46194898716556,
    4.149639525438182,
    1.4144066277262464,
    2.3862795141440456,
    1.1940340202718365,
    0.58029035467432
  ],
  "warp_b": [
    3.548427749331204,
    0.5476616451078485,
    3.680204508113778,
    3.2788879743861368,
    1.0994404401552134,
    0.4818835308548604
  ],
  "function": "function_7",
  "d": 6,
  "n": 42,
  "kernel_mode": "lin_matern32_add",
  "acq_mode": "mace_pareto_pool",
  "ucb_betas": [
    0.5,
    0.75,
    1.0,
    1.25,
    1.5,
    1.75,
    2.0,
    2.25,
    2.5,
    2.75,
    3.0
  ],
  "n_sobol": 4096,
  "topk_per_acq": 32,
  "pool_size": 4608,
  "eligible_count": 4607,
  "dropped_duplicate_internal": 0,
  "dropped_duplicate_observed": 1,
  "pareto_size": 9,
  "selected_local_index": 3794,
  "selected_source_pool_index": 3795,
  "shadow_oldstyle_local_index": 3578,
  "sigma_quantile_used": 0.2,
  "sigma_threshold": 0.09957528640868243,
  "boundary_penalty_weight": 0.1,
  "boundary_penalty_min_dim": 4,
  "boundary_margin": 0.02,
  "selected_boundary_penalty": 0.0,
  "selected_exploration_score": 0.02716812529567694,
  "selected_strategy_name": "primary_pareto_sigma",
  "selected_candidate_origin": "tr",
  "stagnation_flag": false,
  "stagnation_gain": 0.979212086213268,
  "stagnation_threshold": 0.013774979749970453,
  "stagnation_scale": 0.6887489874985226,
  "stagnation_window": 6,
  "trust_region_length": 0.175,
  "trust_region_restarts": 3,
  "best_y_raw": 3.2232129237271816,
  "best_y_transformed": 1.2258696131542193,
  "nn_min_observed": 0.046989788974321975,
  "nn_median_observed": 0.4168021053767649,
  "seed": 6004,
  "selection_mode": "robust_consensus",
  "n_seed_success": 5,
  "n_seed_fail": 0,
  "unique_suggestions": 5,
  "consensus_frequency": 1,
  "consensus_frequency_ratio": 0.2,
  "selected_portal_string": "0.185584-0.196629-0.505150-0.303259-0.327650-0.710696",
  "selected_seed": 6004,
  "fallback_used": false,
  "fit_attempt_distribution": {
    "primary": 5
  }
}