{
  "warp_kind": "botorch_warp",
  "output_transform_method": "box-cox",
  "output_lambda": 0.6965363249576734,
  "output_sign_flip_applied": true,
  "fit_attempt_index": 0,
  "fit_attempt_label": "primary",
  "fit_attempt_count": 7,
  "fit_failed": false,
  "failed_attempts": [],
  "model_variant_name": "lin_matern32_add:power",
  "noise_est": 0.0016717789016311158,
  "len_min": NaN,
  "len_med": NaN,
  "warp_a": [
    1.3613226822999684,
    11.837870605312705,
    1.1927269381700252,
    0.488125060707526,
    1.6312399750594917
  ],
  "warp_b": [
    1.4174427123666178,
    306.32792192898756,
    4.668960044824754,
    0.9389157019338005,
    2.382390391860242
  ],
  "function": "function_6",
  "d": 5,
  "n": 28,
  "kernel_mode": "lin_matern32_add",
  "acq_mode": "mace_pareto_pool",
  "ucb_betas": [
    0.5,
    0.75,
    1.0,
    1.25,
    1.5,
    1.75,
    2.0,
    2.25,
    2.5,
    2.75,
    3.0
  ],
  "n_sobol": 4096,
  "topk_per_acq": 32,
  "pool_size": 4608,
  "eligible_count": 4608,
  "dropped_duplicate_internal": 0,
  "dropped_duplicate_observed": 0,
  "pareto_size": 1,
  "selected_local_index": 2591,
  "selected_source_pool_index": 2591,
  "shadow_oldstyle_local_index": 2591,
  "sigma_quantile_used": 0.35,
  "sigma_threshold": 0.029955451480560936,
  "boundary_penalty_weight": 0.1,
  "boundary_penalty_min_dim": 4,
  "boundary_margin": 0.02,
  "selected_boundary_penalty": 0.08965816572308541,
  "selected_exploration_score": 0.029787903300983787,
  "selected_strategy_name": "primary_pareto_sigma",
  "selected_candidate_origin": "global",
  "stagnation_flag": false,
  "stagnation_gain": 0.19874216848607076,
  "stagnation_threshold": 0.014591183878379571,
  "stagnation_scale": 0.7295591939189785,
  "stagnation_window": 6,
  "trust_region_length": 0.0875,
  "trust_region_restarts": 2,
  "best_y_raw": -0.162952839428347,
  "best_y_transformed": 1.7727993755846452,
  "nn_min_observed": 0.18151614611929148,
  "nn_median_observed": 0.37549599630129044,
  "seed": 5002,
  "selection_mode": "robust_consensus",
  "n_seed_success": 5,
  "n_seed_fail": 0,
  "unique_suggestions": 5,
  "consensus_frequency": 1,
  "consensus_frequency_ratio": 0.2,
  "selected_portal_string": "0.972981-0.361756-0.012917-0.002068-0.939636",
  "selected_seed": 5002,
  "fallback_used": false,
  "fit_attempt_distribution": {
    "primary": 5
  }
}