{
  "warp_kind": "botorch_warp",
  "output_transform_method": "box-cox",
  "output_lambda": 0.06427545378010749,
  "output_sign_flip_applied": false,
  "fit_attempt_index": 0,
  "fit_attempt_label": "primary",
  "fit_attempt_count": 7,
  "fit_failed": false,
  "failed_attempts": [],
  "model_variant_name": "lin_matern32_add:power",
  "noise_est": 0.0018950512075336602,
  "len_min": NaN,
  "len_med": NaN,
  "warp_a": [
    22.45258826171898,
    11.393097008030878,
    4.54248878003813,
    14.856149825240342,
    4.484833314068996,
    0.6481569043610611
  ],
  "warp_b": [
    3.7598279996816784,
    4.076558245933628,
    396.89518389333836,
    48.982856515396904,
    4.306074609746137,
    0.5678842239927219
  ],
  "function": "function_7",
  "d": 6,
  "n": 36,
  "kernel_mode": "lin_matern32_add",
  "acq_mode": "mace_pareto_pool",
  "ucb_betas": [
    0.5,
    0.75,
    1.0,
    1.25,
    1.5,
    1.75,
    2.0,
    2.25,
    2.5,
    2.75,
    3.0
  ],
  "n_sobol": 4096,
  "topk_per_acq": 32,
  "pool_size": 4608,
  "eligible_count": 4608,
  "dropped_duplicate_internal": 0,
  "dropped_duplicate_observed": 0,
  "pareto_size": 6,
  "selected_local_index": 4398,
  "selected_source_pool_index": 4398,
  "shadow_oldstyle_local_index": 4398,
  "sigma_quantile_used": 0.2,
  "sigma_threshold": 0.12590114626253834,
  "boundary_penalty_weight": 0.1,
  "boundary_penalty_min_dim": 4,
  "boundary_margin": 0.02,
  "selected_boundary_penalty": 0.0,
  "selected_exploration_score": 0.13430419176198416,
  "selected_strategy_name": "primary_pareto_sigma",
  "selected_candidate_origin": "elite",
  "stagnation_flag": false,
  "trust_region_length": 0.35,
  "trust_region_restarts": 3,
  "best_y_raw": 2.2440008375139135,
  "best_y_transformed": 0.8296237953114151,
  "nn_min_observed": 0.046989788974321975,
  "nn_median_observed": 0.42645312976459554,
  "seed": 6000,
  "selection_mode": "single_seed",
  "n_seed_success": 1,
  "n_seed_fail": 0,
  "unique_suggestions": 1,
  "consensus_frequency": 1,
  "consensus_frequency_ratio": 1.0,
  "selected_portal_string": "0.041159-0.164349-0.440021-0.450250-0.073728-0.772208",
  "selected_seed": 6000,
  "fallback_used": false,
  "fit_attempt_distribution": {
    "primary": 1
  }
}