{
  "warp_kind": "botorch_warp",
  "output_transform_method": "box-cox",
  "output_lambda": 1.217675301859948,
  "output_sign_flip_applied": false,
  "fit_attempt_index": 0,
  "fit_attempt_label": "primary",
  "fit_attempt_count": 7,
  "fit_failed": false,
  "failed_attempts": [],
  "model_variant_name": "lin_matern32_add:power",
  "noise_est": 0.0011910405428041328,
  "len_min": NaN,
  "len_med": NaN,
  "warp_a": [
    2.757802956103991,
    4.001732671358329,
    2.691614327802692,
    3.0263409544064874,
    2.094448290282393,
    0.7677206053704434,
    3.230794551550517,
    1.3891764801255448
  ],
  "warp_b": [
    1.2801102117865901,
    2.0835112677926957,
    1.171593578596655,
    1.3585517184809515,
    10.836813598941951,
    1.0541734873781359,
    1.3676665243348654,
    0.0001
  ],
  "function": "function_8",
  "d": 8,
  "n": 52,
  "kernel_mode": "lin_matern32_add",
  "acq_mode": "mace_pareto_pool",
  "ucb_betas": [
    0.5,
    0.75,
    1.0,
    1.25,
    1.5,
    1.75,
    2.0,
    2.25,
    2.5,
    2.75,
    3.0
  ],
  "n_sobol": 4096,
  "topk_per_acq": 32,
  "pool_size": 4608,
  "eligible_count": 4607,
  "dropped_duplicate_internal": 0,
  "dropped_duplicate_observed": 1,
  "pareto_size": 1,
  "selected_local_index": 3259,
  "selected_source_pool_index": 3260,
  "shadow_oldstyle_local_index": 3259,
  "sigma_quantile_used": 0.2,
  "sigma_threshold": 0.022675463708683532,
  "boundary_penalty_weight": 0.1,
  "boundary_penalty_min_dim": 4,
  "boundary_margin": 0.02,
  "selected_boundary_penalty": 0.1,
  "selected_exploration_score": 0.005338801823221911,
  "selected_strategy_name": "primary_pareto_sigma",
  "selected_candidate_origin": "tr",
  "stagnation_flag": false,
  "stagnation_gain": 0.03792294375999994,
  "stagnation_threshold": 0.03571620219361165,
  "stagnation_scale": 1.7858101096805825,
  "stagnation_window": 6,
  "trust_region_length": 0.35,
  "trust_region_restarts": 4,
  "best_y_raw": 9.9587449166026,
  "best_y_transformed": 12.667074932691609,
  "nn_min_observed": 0.13878994084947227,
  "nn_median_observed": 0.5791101038884777,
  "seed": 7000,
  "selection_mode": "robust_consensus",
  "n_seed_success": 5,
  "n_seed_fail": 0,
  "unique_suggestions": 5,
  "consensus_frequency": 1,
  "consensus_frequency_ratio": 0.2,
  "selected_portal_string": "0.000000-0.040426-0.005460-0.022742-0.761965-0.456870-0.049609-0.048552",
  "selected_seed": 7000,
  "fallback_used": false,
  "fit_attempt_distribution": {
    "primary": 5
  }
}