{
  "warp_kind": "botorch_warp",
  "output_transform_method": "box-cox",
  "output_lambda": 0.06880713670666552,
  "output_sign_flip_applied": false,
  "fit_attempt_index": 0,
  "fit_attempt_label": "primary",
  "fit_attempt_count": 7,
  "fit_failed": false,
  "failed_attempts": [],
  "model_variant_name": "lin_matern32_add:power",
  "noise_est": 0.002097275227465608,
  "len_min": NaN,
  "len_med": NaN,
  "warp_a": [
    22.312950610792743,
    11.062829940496002,
    5.101560766202706,
    12.862408078453079,
    8.598119950585259,
    0.058905407791124645
  ],
  "warp_b": [
    3.532171007583191,
    11.047169252825443,
    525.4428905557559,
    313.3464749654797,
    54.59831971715119,
    0.001100711788433666
  ],
  "function": "function_7",
  "d": 6,
  "n": 38,
  "kernel_mode": "lin_matern32_add",
  "acq_mode": "mace_pareto_pool",
  "ucb_betas": [
    0.5,
    0.75,
    1.0,
    1.25,
    1.5,
    1.75,
    2.0,
    2.25,
    2.5,
    2.75,
    3.0
  ],
  "n_sobol": 4096,
  "topk_per_acq": 32,
  "pool_size": 4608,
  "eligible_count": 4608,
  "dropped_duplicate_internal": 0,
  "dropped_duplicate_observed": 0,
  "pareto_size": 7,
  "selected_local_index": 1186,
  "selected_source_pool_index": 1186,
  "shadow_oldstyle_local_index": 1186,
  "sigma_quantile_used": 0.2,
  "sigma_threshold": 0.1918150905885554,
  "boundary_penalty_weight": 0.1,
  "boundary_penalty_min_dim": 4,
  "boundary_margin": 0.02,
  "selected_boundary_penalty": 0.0,
  "selected_exploration_score": 0.48725212571041415,
  "selected_strategy_name": "primary_pareto_sigma",
  "selected_candidate_origin": "global",
  "stagnation_flag": false,
  "stagnation_gain": 0.24437613688850957,
  "stagnation_threshold": 0.011392293250451421,
  "stagnation_scale": 0.5696146625225711,
  "stagnation_window": 6,
  "trust_region_length": 0.175,
  "trust_region_restarts": 3,
  "best_y_raw": 2.2440008375139135,
  "best_y_transformed": 0.8311581956956081,
  "nn_min_observed": 0.046989788974321975,
  "nn_median_observed": 0.4215186033044562,
  "seed": 6001,
  "selection_mode": "robust_consensus",
  "n_seed_success": 5,
  "n_seed_fail": 0,
  "unique_suggestions": 5,
  "consensus_frequency": 1,
  "consensus_frequency_ratio": 0.2,
  "selected_portal_string": "0.520570-0.112413-0.519203-0.556806-0.150852-0.762438",
  "selected_seed": 6001,
  "fallback_used": false,
  "fit_attempt_distribution": {
    "primary": 5
  }
}