function,n_submissions,best_index,best_y0,submissions_after_best
function_1,23,22,0.1845241300175264,0
function_2,23,17,0.6514539224885927,5
function_3,28,27,-0.003252879617344,0
function_4,43,41,0.7013049970924787,1
function_5,33,31,8662.405001248297,1
function_6,33,32,-0.1542826848029542,0
function_7,43,39,3.2232129237271816,3
function_8,53,49,9.9587449166026,3
