{
  "warp_kind": "botorch_warp",
  "output_transform_method": "box-cox",
  "output_lambda": 1.0076478319144981,
  "output_sign_flip_applied": false,
  "fit_attempt_index": 0,
  "fit_attempt_label": "primary",
  "fit_attempt_count": 7,
  "fit_failed": false,
  "failed_attempts": [],
  "model_variant_name": "lin_matern32_add:power",
  "noise_est": 0.000523975948320344,
  "len_min": NaN,
  "len_med": NaN,
  "warp_a": [
    2.623881649971182,
    3.6898250234793815,
    2.496225117205001,
    2.7415840082993923,
    1.026078042997678,
    0.9600155761716669,
    3.115449912894684,
    0.6846121535972263
  ],
  "warp_b": [
    1.144178569471474,
    1.6570882657537243,
    1.0875578682660927,
    1.0281381214988488,
    2.8837256053805387,
    1.0730531881475414,
    1.2946287008874697,
    0.0001
  ],
  "function": "function_8",
  "d": 8,
  "n": 46,
  "kernel_mode": "lin_matern32_add",
  "acq_mode": "mace_pareto_pool",
  "ucb_betas": [
    0.5,
    0.75,
    1.0,
    1.25,
    1.5,
    1.75,
    2.0,
    2.25,
    2.5,
    2.75,
    3.0
  ],
  "n_sobol": 4096,
  "topk_per_acq": 32,
  "pool_size": 4608,
  "eligible_count": 4607,
  "dropped_duplicate_internal": 0,
  "dropped_duplicate_observed": 1,
  "pareto_size": 2,
  "selected_local_index": 3650,
  "selected_source_pool_index": 3651,
  "shadow_oldstyle_local_index": 3650,
  "sigma_quantile_used": 0.2,
  "sigma_threshold": 0.011560721186879291,
  "boundary_penalty_weight": 0.1,
  "boundary_penalty_min_dim": 4,
  "boundary_margin": 0.02,
  "selected_boundary_penalty": 0.09866111604152245,
  "selected_exploration_score": 0.0022748544975350594,
  "selected_strategy_name": "primary_pareto_sigma",
  "selected_candidate_origin": "tr",
  "stagnation_flag": false,
  "trust_region_length": 0.13124999999999998,
  "trust_region_restarts": 3,
  "best_y_raw": 9.9208219728426,
  "best_y_transformed": 9.027418802722202,
  "nn_min_observed": 0.3350295628910977,
  "nn_median_observed": 0.598736800041222,
  "seed": 7000,
  "selection_mode": "single_seed",
  "n_seed_success": 1,
  "n_seed_fail": 0,
  "unique_suggestions": 1,
  "consensus_frequency": 1,
  "consensus_frequency_ratio": 1.0,
  "selected_portal_string": "0.044853-0.093376-0.106622-0.074901-0.854031-0.537553-0.000267-0.228840",
  "selected_seed": 7000,
  "fallback_used": false,
  "fit_attempt_distribution": {
    "primary": 1
  }
}